article,type,index,url,filename,status
"XT60-1F-1M",main,,"https://flyshop.com.ua/content/images/27/ziednuvach-xt60-1-male-1-female-76280697978877_+4d47d6c385.png","XT60-1F-1M.png",OK
"1F-XT90-3M-XT60",main,,"https://flyshop.com.ua/content/images/21/ziednuvach-1-xt90-female-to-3-xt60-male-77203525126121_+3a714f9c0a.jpg","1F-XT90-3M-XT60.jpg",OK
"1M-XT90-3F-XT60",main,,"https://flyshop.com.ua/content/images/22/ziednuvach-1-xt90-male-to-3-xt60-female-57932780829512_+674ce63796.png","1M-XT90-3F-XT60.png",OK
"JX PDI-HV2107MG",main,,"https://flyshop.com.ua/content/images/44/67811280531146_+3a229b4b7c.jpg","JX PDI-HV2107MG.jpg",OK
"DS3225MG",main,,"https://flyshop.com.ua/content/images/45/43154161223335_+9c647c6fa9.jpg","DS3225MG.jpg",OK
"ES3054",main,,"https://flyshop.com.ua/content/images/48/71796085659598_+f78eed8184.png","ES3054.png",OK
"ST-FUTABA",main,,"https://flyshop.com.ua/content/images/3/54273800517857_+6e6a0305f9.jpg","ST-FUTABA.jpg",OK
"ST-FUTABA-L",main,,"https://flyshop.com.ua/content/images/5/62334345887716_+1dcf2ddfeb.jpg","ST-FUTABA-L.jpg",OK
"RDS3225MG",main,,"https://flyshop.com.ua/content/images/8/85787444350044_+ec313f5b90.png","RDS3225MG.png",OK
"RDS3225MG",gallery,1,"https://flyshop.com.ua/content/images/8/36186267762843_+beb83c543f.png","RDS3225MG@1.png",OK
"RDS3225MG",gallery,2,"https://flyshop.com.ua/content/images/8/88121445551906_+0cb29cf234.png","RDS3225MG@2.png",OK
"RDS3225MG",gallery,3,"https://flyshop.com.ua/content/images/8/39523412100188_+71f0e6e12c.png","RDS3225MG@3.png",OK
"ES08MDII",main,,"https://flyshop.com.ua/content/images/23/emax-es08mdii-33280284578461_+fcfa73fcca.png","ES08MDII.png",OK
"DS51150",main,,"https://flyshop.com.ua/content/images/45/15758363461955_+097f9ff1c0.png","DS51150.png",OK
"DS51150",gallery,1,"https://flyshop.com.ua/content/images/45/17384868647129_+13ce5f2629.png","DS51150@1.png",OK
"DS51150",gallery,2,"https://flyshop.com.ua/content/images/45/68723157907002_+87e2622e77.png","DS51150@2.png",OK
"DS51150",gallery,3,"https://flyshop.com.ua/content/images/45/41885145367456_+d36a0f09c2.png","DS51150@3.png",OK
"DS51150",gallery,4,"https://flyshop.com.ua/content/images/45/14074359878128_+94d101aee6.png","DS51150@4.png",OK
"10182",main,,"https://flyshop.com.ua/content/images/27/85378004248472_+7cd976d983.jpg","10182.jpg",OK
"10121",main,,"https://flyshop.com.ua/content/images/28/47596074655275_+c94d1b23c0.jpg","10121.jpg",OK
"10996",main,,"https://flyshop.com.ua/content/images/29/65880986461387_+3953576b7a.jpg","10996.jpg",OK
"10145",main,,"https://flyshop.com.ua/content/images/30/35mm-gold-connector-42658281366871_+caccb4840f.png","10145.png",OK
"10144",main,,"https://flyshop.com.ua/content/images/31/15666678106828_+8adeb333ed.jpg","10144.jpg",OK
"10144",gallery,1,"https://flyshop.com.ua/content/images/31/4mm-gold-connector-87198731414705_+7ece58b406.jpg","10144@1.jpg",OK
"10144",gallery,2,"https://flyshop.com.ua/content/images/31/4mm-gold-connector-32429803415918_+dfc9ca6f38.jpg","10144@2.jpg",OK
"10997",main,,"https://flyshop.com.ua/content/images/32/5mm-gold-connector-47424792208871_+40d2db219d.jpg","10997.jpg",OK
"10998",main,,"https://flyshop.com.ua/content/images/33/55mm-gold-connector-71220058031280_+636fd2f218.jpg","10998.jpg",OK
"11114",main,,"https://flyshop.com.ua/content/images/34/60mm-gold-connector-27522611063964_+3f27d3e1e4.jpg","11114.jpg",OK
"11114",gallery,1,"https://flyshop.com.ua/content/images/34/60mm-gold-connector-72424585680394_+7b9f19fddd.jpg","11114@1.jpg",OK
"10778",main,,"https://flyshop.com.ua/content/images/35/69745991850407_+239ddc1345.jpg","10778.jpg",OK
"10975",main,,"https://flyshop.com.ua/content/images/36/28425189783148_+11caa2b0e6.jpg","10975.jpg",OK
"10976",main,,"https://flyshop.com.ua/content/images/37/26316113821256_+2c145e974e.jpg","10976.jpg",OK
"10253",main,,"https://flyshop.com.ua/content/images/38/78831565491548_+8b4394bcb7.jpg","10253.jpg",OK
"10083",main,,"https://flyshop.com.ua/content/images/39/20981129172131_+339200a5fc.jpg","10083.jpg",OK
"10819",main,,"https://flyshop.com.ua/content/images/40/67551334944202_+33d35e9f14.jpg","10819.jpg",OK
"11043",main,,"https://flyshop.com.ua/content/images/41/96505297470375_+56ccd4e84f.jpg","11043.jpg",OK
"11041",main,,"https://flyshop.com.ua/content/images/42/78663387633441_+0617c5de39.jpg","11041.jpg",OK
"11042",main,,"https://flyshop.com.ua/content/images/43/96482156241034_+d735d3e935.jpg","11042.jpg",OK
"11040",main,,"https://flyshop.com.ua/content/images/44/50286233911622_+5fb239d965.jpg","11040.jpg",OK
"11063",main,,"https://flyshop.com.ua/content/images/47/75569172995009_+c15b212721.jpg","11063.jpg",OK
"11064",main,,"https://flyshop.com.ua/content/images/48/26012882789847_+807b8802c0.jpg","11064.jpg",OK
"11044",main,,"https://flyshop.com.ua/content/images/49/55833053787416_+482a1044de.jpg","11044.jpg",OK
"11045",main,,"https://flyshop.com.ua/content/images/50/69735059386771_+3190c7be3b.jpg","11045.jpg",OK
"11046",main,,"https://flyshop.com.ua/content/images/1/19896523587001_+d59e2a7a11.jpg","11046.jpg",OK
"11229",main,,"https://flyshop.com.ua/content/images/2/59405989969791_+20d1914a77.jpg","11229.jpg",OK
"11047",main,,"https://flyshop.com.ua/content/images/3/13262239416516_+5511cd0d28.jpg","11047.jpg",OK
"10970",main,,"https://flyshop.com.ua/content/images/4/65791177279507_+5ec7b0186e.jpg","10970.jpg",OK
"10969",main,,"https://flyshop.com.ua/content/images/5/13664118762257_+a29fd0f4a9.jpg","10969.jpg",OK
"11234",main,,"https://flyshop.com.ua/content/images/6/28299797250559_+2e353f0337.jpg","11234.jpg",OK
"10971",main,,"https://flyshop.com.ua/content/images/7/adapter-xt60male-xt30female-67835604884346_+1d9425ddb4.jpg","10971.jpg",OK
"10971",gallery,1,"https://flyshop.com.ua/content/images/7/adapter-xt60male-xt30female-43740128884167_+2338c6fb68.jpg","10971@1.jpg",OK
"10967",main,,"https://flyshop.com.ua/content/images/8/31955312669338_+1055a00222.jpg","10967.jpg",OK
"10968",main,,"https://flyshop.com.ua/content/images/9/37537833309588_+92bab8ad0a.jpg","10968.jpg",OK
"10426",main,,"https://flyshop.com.ua/content/images/10/31245718647189_+c896d546b7.jpg","10426.jpg",OK
"10407",main,,"https://flyshop.com.ua/content/images/11/18728558277079_+46ac4bdc65.jpg","10407.jpg",OK
"11202",main,,"https://flyshop.com.ua/content/images/12/64675021267745_+d484903db7.jpg","11202.jpg",OK
"11233",main,,"https://flyshop.com.ua/content/images/13/87037120360483_+e5da795cb5.png","11233.png",OK
"11233",gallery,1,"https://flyshop.com.ua/content/images/13/62856225189670_+4ca2d02e8f.png","11233@1.png",OK
"11233",gallery,2,"https://flyshop.com.ua/content/images/13/96399096383462_+77176ee4f1.png","11233@2.png",OK
"11214",main,,"https://flyshop.com.ua/content/images/14/37000679379080_+84d1810c4d.png","11214.png",OK
"10906",main,,"https://flyshop.com.ua/content/images/15/13454939189878_+0aa49b880c.jpg","10906.jpg",OK
"10905",main,,"https://flyshop.com.ua/content/images/16/46234188142033_+2684702b2e.jpg","10905.jpg",OK
"11123",main,,"https://flyshop.com.ua/content/images/17/magnetic-3pin-connector-no-55487960477278_+5bcda08f13.jpg","11123.jpg",OK
"11082",main,,"https://flyshop.com.ua/content/images/18/61431177907870_+313acb11f0.jpg","11082.jpg",OK
"11204",main,,"https://flyshop.com.ua/content/images/20/69471067633709_+346c960598.jpg","11204.jpg",OK
"10999",main,,"https://flyshop.com.ua/content/images/21/44984640741885_+94c9484f33.jpg","10999.jpg",OK
"11000",main,,"https://flyshop.com.ua/content/images/22/49751082703342_+a3b28af8ab.jpg","11000.jpg",OK
"10032",main,,"https://flyshop.com.ua/content/images/23/22822995219456_+e9124f9e79.jpg","10032.jpg",OK
"10031",main,,"https://flyshop.com.ua/content/images/24/76709391784226_+a90c7f8d54.jpg","10031.jpg",OK
"10473",main,,"https://flyshop.com.ua/content/images/25/30755796973486_+48ec464576.jpg","10473.jpg",OK
"10034",main,,"https://flyshop.com.ua/content/images/26/79847815729387_+3ae194f9c6.jpg","10034.jpg",OK
"11209",main,,"https://flyshop.com.ua/content/images/27/39879495760265_+bc91d26dc0.jpg","11209.jpg",OK
"11203",main,,"https://flyshop.com.ua/content/images/28/17175051811111_+d05cc552c3.jpg","11203.jpg",OK
"11213",main,,"https://flyshop.com.ua/content/images/29/88228853250289_+85e21bfa1e.jpg","11213.jpg",OK
"11213",gallery,1,"https://flyshop.com.ua/content/images/29/sp13-6-pins-waterproof-connector-71626267302705_+6be1574817.png","11213@1.png",OK
"10137",main,,"https://flyshop.com.ua/content/images/30/77677522126879_+38e78a7287.jpg","10137.jpg",OK
"10136",main,,"https://flyshop.com.ua/content/images/31/44060245207485_+628e49007d.jpg","10136.jpg",OK
"10709",main,,"https://flyshop.com.ua/content/images/32/33862420849366_+9a98eb3ac6.jpg","10709.jpg",OK
"11244",main,,"https://flyshop.com.ua/content/images/33/45317044396176_+a34668abd4.png","11244.png",OK
"10710",main,,"https://flyshop.com.ua/content/images/34/97006035419158_+03b8bd362f.jpg","10710.jpg",OK
"11241",main,,"https://flyshop.com.ua/content/images/35/83790343311125_+577ddabcbd.png","11241.png",OK
"10135",main,,"https://flyshop.com.ua/content/images/36/13189991088940_+3c1adf66c5.jpg","10135.jpg",OK
"11238",main,,"https://flyshop.com.ua/content/images/37/53280913600234_+7e173061ac.png","11238.png",OK
"11243",main,,"https://flyshop.com.ua/content/images/38/89742508956938_+8fdf02f95d.png","11243.png",OK
"11240",main,,"https://flyshop.com.ua/content/images/39/22319402942408_+ba2a967179.png","11240.png",OK
"10143",main,,"https://flyshop.com.ua/content/images/40/27512405523970_+16212b6de7.jpg","10143.jpg",OK
"11239",main,,"https://flyshop.com.ua/content/images/41/37216937917921_+90540284d6.png","11239.png",OK
"10836",main,,"https://flyshop.com.ua/content/images/43/59021987687328_+8343146093.jpg","10836.jpg",OK
"10837",main,,"https://flyshop.com.ua/content/images/44/69591797362772_+5a2443b8a4.jpg","10837.jpg",OK
"11237",main,,"https://flyshop.com.ua/content/images/45/77764993810946_+73cfa80603.png","11237.png",OK
"11194",main,,"https://flyshop.com.ua/content/images/46/98617341625183_+5901044d7e.jpg","11194.jpg",OK
"10013",main,,"https://flyshop.com.ua/content/images/12/48643186126741_+032759a2cc.jpg","10013.jpg",OK
"10014",main,,"https://flyshop.com.ua/content/images/13/44867089893439_+53a831aa1e.jpg","10014.jpg",OK
"10015",main,,"https://flyshop.com.ua/content/images/14/94008928506021_+0180f0ac64.jpg","10015.jpg",OK
"10016",main,,"https://flyshop.com.ua/content/images/15/45697589725435_+5b6fb20d5f.jpg","10016.jpg",OK
"10017",main,,"https://flyshop.com.ua/content/images/16/20326141687987_+d5fa3927e1.jpg","10017.jpg",OK
"10314",main,,"https://flyshop.com.ua/content/images/17/24707924345882_+cbc309820b.jpg","10314.jpg",OK
"10315",main,,"https://flyshop.com.ua/content/images/18/24313824620953_+fb0c38df03.jpg","10315.jpg",OK
"10316",main,,"https://flyshop.com.ua/content/images/19/68534198533617_+38ea26d405.jpg","10316.jpg",OK
"10317",main,,"https://flyshop.com.ua/content/images/20/42468899421925_+afa358a97f.jpg","10317.jpg",OK
"10318",main,,"https://flyshop.com.ua/content/images/21/86087845810753_+a451863cb0.jpg","10318.jpg",OK
"10319",main,,"https://flyshop.com.ua/content/images/22/35063867517716_+9a0c74a373.jpg","10319.jpg",OK
"10320",main,,"https://flyshop.com.ua/content/images/23/67663279685299_+e9d1bce219.jpg","10320.jpg",OK
"10321",main,,"https://flyshop.com.ua/content/images/24/79626888323207_+43bb0df7a1.jpg","10321.jpg",OK
"10322",main,,"https://flyshop.com.ua/content/images/25/62279717571281_+8c6c361791.jpg","10322.jpg",OK
"10323",main,,"https://flyshop.com.ua/content/images/26/22917203853520_+96d91cade7.jpg","10323.jpg",OK
"10822",main,,"https://flyshop.com.ua/content/images/27/73923891423447_+003c717ac6.jpg","10822.jpg",OK
"10848",main,,"https://flyshop.com.ua/content/images/28/25103046469982_+5cd989c7d3.jpg","10848.jpg",OK
"10849",main,,"https://flyshop.com.ua/content/images/29/85698002794667_+44345800e0.jpg","10849.jpg",OK
"10923",main,,"https://flyshop.com.ua/content/images/30/41150002528685_+8f771b1648.jpg","10923.jpg",OK
"10946",main,,"https://flyshop.com.ua/content/images/31/60812318032370_+7614db8d64.jpg","10946.jpg",OK
"10947",main,,"https://flyshop.com.ua/content/images/32/31303028852199_+ae8ce8d967.jpg","10947.jpg",OK
"11084",main,,"https://flyshop.com.ua/content/images/33/60359405088129_+facdc28f74.jpg","11084.jpg",OK
"11085",main,,"https://flyshop.com.ua/content/images/34/50140703164374_+926bdcb65b.jpg","11085.jpg",OK
"11108",main,,"https://flyshop.com.ua/content/images/35/89517124366020_+64634e4f6b.jpg","11108.jpg",OK
"11109",main,,"https://flyshop.com.ua/content/images/36/20496292883391_+e6f7c5b1a7.jpg","11109.jpg",OK
"11125",main,,"https://flyshop.com.ua/content/images/37/79747522244884_+89cb9aa319.jpg","11125.jpg",OK
"10003",main,,"https://flyshop.com.ua/content/images/9/20367529983661_+c995cfc95f.jpg","10003.jpg",OK
"10004",main,,"https://flyshop.com.ua/content/images/10/87813451237398_+8279411284.jpg","10004.jpg",OK
"10096",main,,"https://flyshop.com.ua/content/images/11/45433085330799_+dfe9208bd0.jpg","10096.jpg",OK
"10138",main,,"https://flyshop.com.ua/content/images/12/74325955582196_+2e01a5cc10.jpg","10138.jpg",OK
"10156",main,,"https://flyshop.com.ua/content/images/13/23368912489791_+ee415d07bf.jpg","10156.jpg",OK
"10232",main,,"https://flyshop.com.ua/content/images/14/66058344268031_+fd5b5fce41.jpg","10232.jpg",OK
"10357",main,,"https://flyshop.com.ua/content/images/15/32672218519488_+cc219dad73.jpg","10357.jpg",OK
"10766",main,,"https://flyshop.com.ua/content/images/16/59213365130268_+243c96b1f5.jpg","10766.jpg",OK
"10767",main,,"https://flyshop.com.ua/content/images/17/27186250420571_+148fa03345.jpg","10767.jpg",OK
"10818",main,,"https://flyshop.com.ua/content/images/18/43812502794140_+066a87c798.jpg","10818.jpg",OK
"10823",main,,"https://flyshop.com.ua/content/images/19/97529338507155_+c3fd8fa87d.jpg","10823.jpg",OK
"10828",main,,"https://flyshop.com.ua/content/images/20/90634076670117_+3493435c53.jpg","10828.jpg",OK
"10847",main,,"https://flyshop.com.ua/content/images/21/89811288170561_+fea94ef3c8.jpg","10847.jpg",OK
"10864",main,,"https://flyshop.com.ua/content/images/22/96325643232501_+8dc1ae3267.jpg","10864.jpg",OK
"11057",main,,"https://flyshop.com.ua/content/images/23/47182406074155_+ee1885a042.jpg","11057.jpg",OK
"11058",main,,"https://flyshop.com.ua/content/images/24/50360619854046_+ae29c12a03.jpg","11058.jpg",OK
"11124",main,,"https://flyshop.com.ua/content/images/25/42793757455382_+1b894bf3fe.jpg","11124.jpg",OK
"11169",main,,"https://flyshop.com.ua/content/images/26/55625118424364_+8a1430db96.jpg","11169.jpg",OK
"11170",main,,"https://flyshop.com.ua/content/images/27/91835628389384_+2dff99e14f.jpg","11170.jpg",OK
"11171",main,,"https://flyshop.com.ua/content/images/28/40468949656446_+bdadff4802.jpg","11171.jpg",OK
"11179",main,,"https://flyshop.com.ua/content/images/29/readytosky-digital-servo-tester-50455174123690_+71686e0389.jpg","11179.jpg",OK
"11180",main,,"https://flyshop.com.ua/content/images/30/54292103494747_+f15b613928.jpg","11180.jpg",OK
"11181",main,,"https://flyshop.com.ua/content/images/31/78561950564282_+28982b5a84.jpg","11181.jpg",OK
"11182",main,,"https://flyshop.com.ua/content/images/32/40184526279093_+39645391e9.jpg","11182.jpg",OK
"11187",main,,"https://flyshop.com.ua/content/images/33/62557187381791_+09e77530dc.jpg","11187.jpg",OK
"11193",main,,"https://flyshop.com.ua/content/images/34/37360526167655_+d610a17624.jpg","11193.jpg",OK
"11195",main,,"https://flyshop.com.ua/content/images/35/97146023563124_+ced14556f1.jpg","11195.jpg",OK
"11217",main,,"https://flyshop.com.ua/content/images/36/46735614847792_+d8998c94ac.png","11217.png",OK
"11223",main,,"https://flyshop.com.ua/content/images/37/72686880720033_+2966dd12af.png","11223.png",OK
"11235",main,,"https://flyshop.com.ua/content/images/38/76144547484745_+c6b24f01e2.jpg","11235.jpg",OK
"TGY-9025MG",main,,"https://flyshop.com.ua/content/images/23/tgy-9025mg-mg-servo-33339242049561_+e20f810e3b.jpg","TGY-9025MG.jpg",OK
"1574",main,,"https://flyshop.com.ua/content/images/28/24567401283924_+5004329bad.jpg","1574.jpg",OK
"1684",main,,"https://flyshop.com.ua/content/images/29/26705872073361_+3e551cd075.jpg","1684.jpg",OK
"1589",main,,"https://flyshop.com.ua/content/images/30/mahnitnyi-shtyftovyi-roziem-5-pin-27026477926418_+c63c257f20.jpg","1589.jpg",OK
"1632",main,,"https://flyshop.com.ua/content/images/31/mahnitnyi-shtyftovyi-roziem-5-pin-z-vushkamy-87770799484391_+784cb47e50.jpg","1632.jpg",OK
"11174",main,,"https://flyshop.com.ua/content/images/17/60210959709125_+fb2b484293.jpg","11174.jpg",OK
"11175",main,,"https://flyshop.com.ua/content/images/18/96309257066882_+2945b4f64c.jpg","11175.jpg",OK
"11176",main,,"https://flyshop.com.ua/content/images/19/69616747735148_+3b93528a67.jpg","11176.jpg",OK
"11177",main,,"https://flyshop.com.ua/content/images/20/43190718779347_+bc7c3f13f5.jpg","11177.jpg",OK
"11178",main,,"https://flyshop.com.ua/content/images/21/97255612858115_+45a3c6dd87.jpg","11178.jpg",OK
"10888",main,,"https://flyshop.com.ua/content/images/45/78285267703699_+7bb33f727f.jpg","10888.jpg",OK
"10889",main,,"https://flyshop.com.ua/content/images/46/15279886376351_+563a2317c9.jpg","10889.jpg",OK
"10890",main,,"https://flyshop.com.ua/content/images/47/55825694540012_+31759ec03c.jpg","10890.jpg",OK
"10891",main,,"https://flyshop.com.ua/content/images/48/51412104410320_+fbe85136c0.jpg","10891.jpg",OK
"10892",main,,"https://flyshop.com.ua/content/images/49/63053138613360_+38534c287a.jpg","10892.jpg",OK
"JST-XH 2.54 мм 6S 30 см",main,,"https://flyshop.com.ua/content/images/50/91080516686296_+b379c8bbec.png","JST-XH 2.54 мм 6S 30 см.png",OK
"10084",main,,"https://flyshop.com.ua/content/images/32/deans-micro-plug-bordovyi-92806486237926_+7c569f5aa5.jpg","10084.jpg",OK
"HEX-CAN-I2C",main,,"https://flyshop.com.ua/content/images/37/37281379644926_+e7bb94392a.jpg","HEX-CAN-I2C.jpg",OK
"HEX-CAN-I2C",gallery,1,"https://flyshop.com.ua/content/images/37/rozghaluzhuvach-cubepilot-hex-can-i2c-shyny-6-portiv-mk-official-97794017118424_+b323934c1f.jpg","HEX-CAN-I2C@1.jpg",OK
"HEX-CAN-I2C",gallery,2,"https://flyshop.com.ua/content/images/37/rozghaluzhuvach-cubepilot-hex-can-i2c-shyny-6-portiv-mk-official-46352639667774_+304ee31457.jpg","HEX-CAN-I2C@2.jpg",OK
"30-JR-22AWG",main,,"https://flyshop.com.ua/content/images/39/50689239850415_+608fda9490.jpg","30-JR-22AWG.jpg",OK
"30-JR-22AWG",gallery,1,"https://flyshop.com.ua/content/images/39/podovzhuvach-provodu-30-sm-22awg-67682608254229_+71924468b9.jpg","30-JR-22AWG@1.jpg",OK
"20- JR-22AWG",main,,"https://flyshop.com.ua/content/images/49/podovzhuvach-provodu-20-sm-jr-22awg-29804872364548_+8673e08860.jpg","20- JR-22AWG.jpg",OK
"KST-X10",main,,"https://flyshop.com.ua/content/images/1/servopryvid-dlia-planeriv-28h-kst-x10-33894715196314_+de72924197.png","KST-X10.png",OK
"KST-X10",gallery,1,"https://flyshop.com.ua/content/images/1/servopryvid-dlia-planeriv-28h-kst-x10-71264280031348_+c79718165c.png","KST-X10@1.png",OK
"KST-X10",gallery,2,"https://flyshop.com.ua/content/images/1/servopryvid-dlia-planeriv-28h-kst-x10-15493044421797_+dd775aea11.png","KST-X10@2.png",OK
"KST-X10",gallery,3,"https://flyshop.com.ua/content/images/1/servopryvid-dlia-planeriv-28h-kst-x10-89857949647044_+941e51b693.png","KST-X10@3.png",OK
"KST-X10",gallery,4,"https://flyshop.com.ua/content/images/1/servopryvid-dlia-planeriv-28h-kst-x10-12058087296044_+bba50731d6.png","KST-X10@4.png",OK
"KST-X10",gallery,5,"https://flyshop.com.ua/content/images/1/servopryvid-dlia-planeriv-28h-kst-x10-70972353984052_+0b1976eba7.png","KST-X10@5.png",OK
"KST-X10",gallery,6,"https://flyshop.com.ua/content/images/1/servopryvid-dlia-planeriv-28h-kst-x10-12531059894558_+4ded9329f5.png","KST-X10@6.png",OK
"KST-X10",gallery,7,"https://flyshop.com.ua/content/images/1/servopryvid-dlia-planeriv-28h-kst-x10-14877511638726_+cf3041954c.png","KST-X10@7.png",OK
"20-JR-22AWG",main,,"https://flyshop.com.ua/content/images/2/podovzhuvach-provodu-20-sm-jr-22awg-female-female-mama-mama-36335037082041_+c8017dc1f5.png","20-JR-22AWG.png",OK
"2-24AWG",main,,"https://flyshop.com.ua/content/images/3/kabel-syhnalnyi-ul2547-2kh24awg-110.14-pvkh-chornyi-87766357747861_+95bbe45c03.png","2-24AWG.png",OK
"3-24AWG",main,,"https://flyshop.com.ua/content/images/4/kabel-syhnalnyi-ul2547-3kh24awg-110.14-pvkh-chornyi-48534136835762_+8599531472.jpg","3-24AWG.jpg",OK
"10216",main,,"https://flyshop.com.ua/content/images/28/22000587057358_+ceab619cdc.jpg","10216.jpg",OK
"50-JR-22AWG",main,,"https://flyshop.com.ua/content/images/32/podovzhuvach-provodu-50-sm-jr-22awg-female-female-mama-mama-82493864304844_+23f26b92f5.jpg","50-JR-22AWG.jpg",OK
"4-15-5",main,,"https://flyshop.com.ua/content/images/33/konektor-amass-4-mm-gold-connector-dovzhyna-tato-155-mm-97086064312458_+66d65bebb6.png","4-15-5.png",OK
"4-15-5",gallery,1,"https://flyshop.com.ua/content/images/33/konektor-amass-4-mm-gold-connector-dovzhyna-tato-155-mm-34597792494854_+62c7b8c5a7.png","4-15-5@1.png",OK
"4-15-5",gallery,2,"https://flyshop.com.ua/content/images/33/konektor-amass-4-mm-gold-connector-dovzhyna-tato-155-mm-74177585794970_+ff310aa658.png","4-15-5@2.png",OK
"45-22AWG",main,,"https://flyshop.com.ua/content/images/36/podovzhuvach-provodu-45-sm-jr-22awg-39335009878875_+e935e2ad27.jpg","45-22AWG.jpg",OK
"134688",main,,"https://flyshop.com.ua/content/images/39/48607478268197_+054fc13eb3.png","134688.png",OK
"283008",main,,"https://flyshop.com.ua/content/images/40/provid-montazhnyi-28awg-300.08-superhnuchkyi-sylikonovyi-bilyi-85308927849166_+f4720e0fa7.png","283008.png",OK
"201008",main,,"https://flyshop.com.ua/content/images/42/provid-montazhnyi-20awg-1000.08-superhnuchkyi-sylikonovyi-bilyi-97928504047538_+b84b8bcd12.png","201008.png",OK
"6066",main,,"https://flyshop.com.ua/content/images/44/roziem-konektor-chornyi-amasscover-xt60be-m-59911716137868_+813ee26815.png","6066.png",OK
"15145",main,,"https://flyshop.com.ua/content/images/46/antennyi-perekhidnyk-ipx-to-sma-k-15-cm-ipx-sma-mama-ipx-sma-female-u.fl-sma-female-rg1.13-39479728578471_+fd72fe3082.png","15145.png",OK
"15145",gallery,1,"https://flyshop.com.ua/content/images/46/antennyi-perekhidnyk-ipx-to-sma-k-15-cm-ipx-sma-mama-ipx-sma-female-u.fl-sma-female-rg1.13-55357992637201_+da010b7d75.png","15145@1.png",OK
"5022",main,,"https://flyshop.com.ua/content/images/47/podovzhuvach-provodu-50-sm-jr-22awg-90696380597018_+fb69c3cb13.jpg","5022.jpg",OK
"316",main,,"https://flyshop.com.ua/content/images/49/kabel-rg-316-teflonovyi-bahatozhylnyi-tincu-61334616068942_+779d52454b.png","316.png",OK
"316",gallery,1,"https://flyshop.com.ua/content/images/49/kabel-rg-316-teflonovyi-bahatozhylnyi-tincu-52539290490117_+bc6a73746b.png","316@1.png",OK
"316",gallery,2,"https://flyshop.com.ua/content/images/49/kabel-rg-316-teflonovyi-bahatozhylnyi-tincu-39152614779794_+50edd13b2d.png","316@2.png",OK
"9022",main,,"https://flyshop.com.ua/content/images/9/podovzhuvach-provodu-90-sm-jr-22awg-30915547417560_+0cbb502df2.png","9022.png",OK
"12212",main,,"https://flyshop.com.ua/content/images/12/55555701609416_+f511b40a56.png","12212.png",OK
"165",main,,"https://flyshop.com.ua/content/images/18/roziem-gx16-5-kontaktiv-5-pin-para-26527216779834_+542e5dfef8.jpg","165.jpg",OK
"70155",main,,"https://flyshop.com.ua/content/images/22/provid-montazhnyi-ul3239-30awg-70.155-sylikonovyi-zelenyi-13282068357363_+c623257a79.png","70155.png",OK
"30008",main,,"https://flyshop.com.ua/content/images/23/provid-montazhnyi-30awg-300.08-superhnuchkyi-sylikonovyi-synii-21421376487466_+4704f6634b.jpg","30008.jpg",OK
"00830",main,,"https://flyshop.com.ua/content/images/24/provid-montazhnyi-30awg-300.08-superhnuchkyi-sylikonovyi-bilyi-18726535192949_+2930fd11ad.png","00830.png",OK
"3030",main,,"https://flyshop.com.ua/content/images/25/provid-montazhnyi-30awg-300.08-superhnuchkyi-sylikonovyi-zhovtyi-23505169177885_+e7e549bb72.png","3030.png",OK
"287012",main,,"https://flyshop.com.ua/content/images/27/provid-montazhnyi-ul3239-28awg-70.12-sylikonovyi-zelenyi-83211367823078_+15d185d1de.jpg","287012.jpg",OK
"2670155",main,,"https://flyshop.com.ua/content/images/28/provid-montazhnyi-ul3239-26awg-70.155-sylikonovyi-zelenyi-72714212026446_+ee775eeb05.jpg","2670155.jpg",OK
"28308",main,,"https://flyshop.com.ua/content/images/29/46506257041938_+828e80a98b.png","28308.png",OK
"3008",main,,"https://flyshop.com.ua/content/images/30/provid-montazhnyi-28awg-300.08-superhnuchkyi-sylikonovyi-zhovtyi-39898136756927_+a805933e35.png","3008.png",OK
"40008",main,,"https://flyshop.com.ua/content/images/31/provid-montazhnyi-24awg-400.08-superhnuchkyi-sylikonovyi-zhovtyi-48507199222041_+f5195785f1.png","40008.png",OK
"20100",main,,"https://flyshop.com.ua/content/images/32/provid-montazhnyi-20awg-1000.08-superhnuchkyi-sylikonovyi-zhovtyi-67680621978544_+e7891d51ed.png","20100.png",OK
"102008",main,,"https://flyshop.com.ua/content/images/33/provid-montazhnyi-20awg-1000.08-superhnuchkyi-sylikonovyi-synii-40194409433596_+ed3a0d1fa3.png","102008.png",OK
"20108",main,,"https://flyshop.com.ua/content/images/34/provid-montazhnyi-20awg-1000.08-superhnuchkyi-sylikonovyi-zelenyi-34992063563853_+4c96febaec.png","20108.png",OK
"2448",main,,"https://flyshop.com.ua/content/images/35/provid-montazhnyi-24awg-400.08-superhnuchkyi-sylikonovyi-bilyi-45683573036594_+03a05ae64c.png","2448.png",OK
"2440",main,,"https://flyshop.com.ua/content/images/36/provid-montazhnyi-24awg-400.08-superhnuchkyi-sylikonovyi-synii-98618177135670_+d1af7f34eb.png","2440.png",OK
"12502",main,,"https://flyshop.com.ua/content/images/37/providok-jst-gh-1.25-02-20sm-85557867641084_+f1f75952e2.png","12502.png",OK
"12506",main,,"https://flyshop.com.ua/content/images/38/providok-jst-gh-1.25-06-20sm-25246915763744_+6c89df5b0d.jpg","12506.jpg",OK
"3022",main,,"https://flyshop.com.ua/content/images/39/podovzhuvach-provodu-30-sm-jr-22awg-female-female-mama-mama-77865785272181_+292d79b5f0.jpg","3022.jpg",OK
"60F",main,,"https://flyshop.com.ua/content/images/41/roziem-konektor-chornyi-amasscover-xt60e-f-75139499475905_+df1f7645f9.png","60F.png",OK
"4155",main,,"https://flyshop.com.ua/content/images/6/40123539873466_+77c987e974.jpg","4155.jpg",OK
"20F22",main,,"https://flyshop.com.ua/content/images/7/podovzhuvach-provodu-20-sm-futaba-22awg-female-female-mama-mama-61399154153034_+ebf81d918b.png","20F22.png",OK
"13104",main,,"https://flyshop.com.ua/content/images/11/96951441368694_+84529a2a92.png","13104.png",OK
"9013",main,,"https://flyshop.com.ua/content/images/18/xt90-paralelnyi-roziem-1-female-to-3-male-34503968554616_+c60bc2ad4c.jpg","9013.jpg",OK
"9013",gallery,1,"https://flyshop.com.ua/content/images/18/xt90-paralelnyi-roziem-1-female-to-3-male-68606774380663_+061ff45b97.jpg","9013@1.jpg",OK
"9013",gallery,2,"https://flyshop.com.ua/content/images/18/xt90-paralelnyi-roziem-1-female-to-3-male-33764341783744_+c450d7d380.jpg","9013@2.jpg",OK
"9013",gallery,3,"https://flyshop.com.ua/content/images/18/xt90-paralelnyi-roziem-1-female-to-3-male-19491294727163_+1e128003bd.jpg","9013@3.jpg",OK
"22awg",main,,"https://flyshop.com.ua/content/images/25/provid-22-awg-chervonyi-95679064350919_+03224c011e.jpg","22awg.jpg",OK
"22awgyellow",main,,"https://flyshop.com.ua/content/images/26/59097857706773_+2064bd50ac.jpg","22awgyellow.jpg",OK
"22awgblack",main,,"https://flyshop.com.ua/content/images/27/copy_provid-22-awg-zhovtyi-89598669397747_+bf94711a80.jpg","22awgblack.jpg",OK
